"","HospitalName","Year","CancerType","AgeGroup","Gender","Deaths"
"1","Hospital C",2018,"Colorectal","0-18","Female",137
"2","Hospital B",2006,"Colorectal","0-18","Male",40
"3","Hospital B",2007,"Lung","66+","Other",184
"4","Hospital A",2005,"Prostate","19-35","Other",169
"5","Hospital D",2012,"Lung","66+","Female",11
"6","Hospital A",2004,"Breast","66+","Male",196
"7","Hospital D",2023,"Lung","36-50","Male",193
"8","Hospital A",2008,"Breast","36-50","Female",133
"9","Hospital A",2008,"Prostate","19-35","Other",41
"10","Hospital C",2019,"Lung","66+","Female",197
"11","Hospital C",2011,"Colorectal","19-35","Other",193
"12","Hospital D",2017,"Breast","36-50","Female",99
"13","Hospital B",2005,"Colorectal","0-18","Female",102
"14","Hospital D",2013,"Prostate","19-35","Other",62
"15","Hospital C",2020,"Breast","19-35","Female",182
"16","Hospital A",2006,"Breast","66+","Female",13
"17","Hospital B",2020,"Prostate","66+","Male",193
"18","Hospital E",2007,"Prostate","51-65","Female",20
"19","Hospital E",2010,"Lung","36-50","Other",65
"20","Hospital B",2008,"Lung","0-18","Male",78
"21","Hospital C",2008,"Prostate","51-65","Female",50
"22","Hospital A",2007,"Colorectal","66+","Other",70
"23","Hospital D",2022,"Breast","0-18","Other",179
"24","Hospital B",2013,"Prostate","0-18","Female",194
"25","Hospital A",2014,"Lung","66+","Other",163
"26","Hospital C",2004,"Lung","36-50","Female",12
"27","Hospital B",2023,"Breast","0-18","Other",116
"28","Hospital E",2011,"Colorectal","19-35","Other",73
"29","Hospital A",2005,"Colorectal","36-50","Other",83
"30","Hospital C",2017,"Colorectal","0-18","Female",164
"31","Hospital D",2013,"Colorectal","19-35","Female",166
"32","Hospital C",2007,"Prostate","36-50","Female",28
"33","Hospital A",2005,"Colorectal","19-35","Other",71
"34","Hospital D",2023,"Lung","0-18","Male",169
"35","Hospital D",2006,"Breast","66+","Other",135
"36","Hospital C",2012,"Colorectal","66+","Female",48
"37","Hospital E",2013,"Prostate","51-65","Female",159
"38","Hospital A",2013,"Colorectal","19-35","Male",27
"39","Hospital A",2017,"Lung","36-50","Female",4
"40","Hospital B",2004,"Breast","51-65","Other",149
"41","Hospital C",2017,"Breast","0-18","Female",9
"42","Hospital A",2018,"Lung","0-18","Other",68
"43","Hospital C",2019,"Prostate","0-18","Male",200
"44","Hospital D",2009,"Lung","36-50","Other",131
"45","Hospital D",2023,"Colorectal","66+","Female",87
"46","Hospital C",2012,"Breast","51-65","Male",21
"47","Hospital D",2012,"Breast","36-50","Male",73
"48","Hospital B",2023,"Colorectal","36-50","Other",116
"49","Hospital B",2010,"Prostate","36-50","Other",133
"50","Hospital E",2013,"Breast","19-35","Female",6
"51","Hospital E",2022,"Breast","0-18","Female",84
"52","Hospital C",2005,"Breast","19-35","Other",10
"53","Hospital B",2005,"Breast","51-65","Female",163
"54","Hospital D",2006,"Lung","66+","Female",186
"55","Hospital C",2004,"Breast","51-65","Female",10
"56","Hospital E",2006,"Prostate","36-50","Male",19
"57","Hospital B",2022,"Breast","19-35","Male",140
"58","Hospital A",2011,"Prostate","36-50","Female",106
"59","Hospital D",2013,"Prostate","36-50","Female",29
"60","Hospital C",2019,"Lung","19-35","Female",196
"61","Hospital C",2007,"Lung","66+","Female",33
"62","Hospital D",2014,"Breast","36-50","Other",180
"63","Hospital E",2013,"Lung","51-65","Male",147
"64","Hospital E",2013,"Lung","51-65","Other",187
"65","Hospital A",2011,"Colorectal","19-35","Other",63
"66","Hospital D",2022,"Lung","66+","Male",166
"67","Hospital A",2018,"Lung","51-65","Male",89
"68","Hospital B",2004,"Colorectal","66+","Male",53
"69","Hospital A",2012,"Prostate","0-18","Male",86
"70","Hospital B",2005,"Lung","0-18","Male",171
"71","Hospital A",2017,"Colorectal","66+","Male",104
"72","Hospital A",2016,"Colorectal","19-35","Male",180
"73","Hospital A",2005,"Breast","66+","Male",57
"74","Hospital D",2023,"Breast","51-65","Female",2
"75","Hospital D",2012,"Breast","0-18","Female",53
"76","Hospital E",2009,"Colorectal","0-18","Other",85
"77","Hospital B",2011,"Breast","66+","Other",136
"78","Hospital E",2006,"Lung","51-65","Female",3
"79","Hospital C",2018,"Lung","51-65","Other",107
"80","Hospital E",2004,"Prostate","36-50","Other",25
"81","Hospital D",2019,"Breast","0-18","Other",44
"82","Hospital E",2020,"Lung","51-65","Other",100
"83","Hospital B",2005,"Breast","19-35","Male",108
"84","Hospital C",2015,"Prostate","0-18","Female",6
"85","Hospital D",2023,"Breast","19-35","Male",110
"86","Hospital B",2022,"Breast","36-50","Female",42
"87","Hospital C",2009,"Breast","19-35","Other",160
"88","Hospital E",2007,"Lung","19-35","Male",199
"89","Hospital D",2004,"Prostate","36-50","Male",157
"90","Hospital C",2013,"Prostate","66+","Other",44
"91","Hospital C",2018,"Lung","66+","Female",150
"92","Hospital D",2005,"Breast","0-18","Other",200
"93","Hospital B",2015,"Lung","36-50","Female",99
"94","Hospital B",2016,"Lung","36-50","Male",1
"95","Hospital D",2019,"Lung","66+","Female",185
"96","Hospital A",2005,"Lung","66+","Female",94
"97","Hospital D",2009,"Lung","19-35","Other",97
"98","Hospital E",2004,"Prostate","51-65","Other",199
"99","Hospital D",2009,"Lung","51-65","Male",6
"100","Hospital E",2010,"Lung","51-65","Female",179
"101","Hospital C",2010,"Lung","66+","Other",72
"102","Hospital C",2010,"Colorectal","36-50","Male",141
"103","Hospital E",2019,"Lung","66+","Other",181
"104","Hospital E",2018,"Breast","51-65","Male",68
"105","Hospital C",2009,"Colorectal","19-35","Other",70
"106","Hospital C",2005,"Lung","51-65","Male",102
"107","Hospital A",2016,"Colorectal","51-65","Male",30
"108","Hospital A",2012,"Lung","51-65","Other",150
"109","Hospital B",2019,"Breast","19-35","Other",105
"110","Hospital C",2012,"Breast","66+","Female",189
"111","Hospital E",2007,"Colorectal","66+","Female",8
"112","Hospital D",2015,"Breast","19-35","Female",125
"113","Hospital E",2016,"Prostate","66+","Other",80
"114","Hospital A",2021,"Lung","19-35","Other",139
"115","Hospital A",2006,"Colorectal","19-35","Other",194
"116","Hospital C",2012,"Lung","51-65","Male",114
"117","Hospital E",2012,"Lung","19-35","Female",44
"118","Hospital D",2019,"Prostate","36-50","Other",118
"119","Hospital D",2021,"Prostate","36-50","Other",27
"120","Hospital D",2005,"Lung","66+","Female",151
"121","Hospital B",2018,"Prostate","19-35","Female",111
"122","Hospital E",2022,"Colorectal","51-65","Male",157
"123","Hospital D",2009,"Breast","66+","Other",174
"124","Hospital C",2013,"Colorectal","36-50","Male",186
"125","Hospital B",2017,"Lung","36-50","Male",50
"126","Hospital A",2006,"Breast","66+","Male",91
"127","Hospital C",2005,"Colorectal","51-65","Other",182
"128","Hospital A",2022,"Prostate","36-50","Male",178
"129","Hospital E",2020,"Breast","0-18","Male",35
"130","Hospital B",2016,"Colorectal","36-50","Other",199
"131","Hospital B",2005,"Lung","36-50","Male",131
"132","Hospital A",2019,"Lung","66+","Male",35
"133","Hospital B",2023,"Colorectal","0-18","Other",117
"134","Hospital B",2015,"Breast","0-18","Male",178
"135","Hospital D",2021,"Colorectal","36-50","Female",77
"136","Hospital C",2019,"Colorectal","19-35","Female",67
"137","Hospital E",2004,"Prostate","36-50","Other",99
"138","Hospital B",2009,"Breast","36-50","Female",61
"139","Hospital E",2017,"Breast","19-35","Other",104
"140","Hospital E",2023,"Breast","66+","Female",176
"141","Hospital D",2006,"Colorectal","19-35","Male",173
"142","Hospital D",2020,"Breast","66+","Other",44
"143","Hospital D",2015,"Colorectal","36-50","Female",100
"144","Hospital A",2022,"Colorectal","36-50","Other",171
"145","Hospital D",2018,"Prostate","19-35","Other",33
"146","Hospital C",2008,"Lung","19-35","Female",119
"147","Hospital B",2021,"Lung","19-35","Male",195
"148","Hospital C",2006,"Lung","51-65","Female",174
"149","Hospital A",2010,"Lung","66+","Female",173
"150","Hospital B",2011,"Prostate","36-50","Female",195
"151","Hospital D",2018,"Breast","66+","Other",185
"152","Hospital C",2022,"Colorectal","19-35","Female",125
"153","Hospital E",2014,"Prostate","19-35","Female",43
"154","Hospital D",2016,"Colorectal","66+","Other",124
"155","Hospital B",2012,"Lung","36-50","Other",138
"156","Hospital C",2019,"Lung","0-18","Female",48
"157","Hospital A",2022,"Colorectal","19-35","Male",135
"158","Hospital E",2006,"Lung","66+","Male",1
"159","Hospital A",2014,"Prostate","51-65","Other",73
"160","Hospital D",2014,"Lung","66+","Male",54
"161","Hospital C",2017,"Prostate","51-65","Female",177
"162","Hospital A",2018,"Colorectal","0-18","Other",75
"163","Hospital D",2023,"Prostate","66+","Male",167
"164","Hospital A",2010,"Prostate","19-35","Other",113
"165","Hospital E",2004,"Breast","51-65","Other",191
"166","Hospital E",2021,"Colorectal","51-65","Female",139
"167","Hospital C",2021,"Breast","51-65","Female",102
"168","Hospital A",2010,"Breast","51-65","Male",77
"169","Hospital A",2018,"Prostate","19-35","Female",196
"170","Hospital E",2019,"Colorectal","66+","Female",157
"171","Hospital B",2023,"Prostate","51-65","Other",124
"172","Hospital C",2004,"Breast","66+","Male",80
"173","Hospital C",2020,"Colorectal","51-65","Male",133
"174","Hospital E",2018,"Prostate","0-18","Other",77
"175","Hospital E",2009,"Lung","51-65","Other",168
"176","Hospital A",2020,"Lung","0-18","Other",187
"177","Hospital E",2015,"Breast","36-50","Female",181
"178","Hospital E",2019,"Colorectal","36-50","Other",52
"179","Hospital A",2015,"Breast","19-35","Male",94
"180","Hospital B",2009,"Lung","66+","Male",76
"181","Hospital C",2011,"Lung","19-35","Other",127
"182","Hospital C",2021,"Breast","66+","Other",71
"183","Hospital E",2014,"Prostate","36-50","Other",190
"184","Hospital E",2013,"Breast","51-65","Other",137
"185","Hospital A",2018,"Breast","36-50","Female",18
"186","Hospital E",2022,"Colorectal","51-65","Female",92
"187","Hospital E",2022,"Lung","51-65","Female",49
"188","Hospital C",2023,"Lung","51-65","Female",79
"189","Hospital A",2017,"Prostate","0-18","Male",17
"190","Hospital C",2004,"Prostate","36-50","Female",29
"191","Hospital B",2017,"Lung","36-50","Other",13
"192","Hospital C",2010,"Colorectal","0-18","Other",97
"193","Hospital B",2008,"Breast","0-18","Female",151
"194","Hospital C",2005,"Prostate","36-50","Male",98
"195","Hospital E",2008,"Prostate","66+","Female",149
"196","Hospital E",2021,"Lung","66+","Female",38
"197","Hospital D",2017,"Colorectal","51-65","Male",136
"198","Hospital E",2006,"Breast","51-65","Other",123
"199","Hospital C",2010,"Breast","66+","Female",191
"200","Hospital D",2019,"Colorectal","36-50","Male",3
"201","Hospital D",2015,"Colorectal","66+","Male",181
"202","Hospital C",2019,"Colorectal","0-18","Male",28
"203","Hospital B",2004,"Lung","19-35","Male",181
"204","Hospital D",2007,"Colorectal","0-18","Male",139
"205","Hospital E",2010,"Lung","36-50","Female",160
"206","Hospital D",2007,"Colorectal","51-65","Female",180
"207","Hospital E",2009,"Lung","66+","Female",165
"208","Hospital D",2014,"Breast","19-35","Other",68
"209","Hospital D",2023,"Lung","66+","Other",72
"210","Hospital A",2016,"Breast","51-65","Male",105
"211","Hospital C",2017,"Colorectal","36-50","Female",198
"212","Hospital C",2022,"Colorectal","19-35","Female",173
"213","Hospital E",2023,"Breast","19-35","Other",179
"214","Hospital C",2015,"Colorectal","0-18","Male",80
"215","Hospital D",2018,"Colorectal","0-18","Female",36
"216","Hospital A",2015,"Prostate","51-65","Female",66
"217","Hospital D",2007,"Prostate","19-35","Female",99
"218","Hospital E",2013,"Colorectal","0-18","Other",154
"219","Hospital A",2012,"Breast","19-35","Male",170
"220","Hospital C",2018,"Prostate","36-50","Other",192
"221","Hospital B",2018,"Prostate","66+","Other",96
"222","Hospital C",2009,"Lung","0-18","Female",22
"223","Hospital B",2009,"Lung","0-18","Female",23
"224","Hospital E",2017,"Lung","36-50","Female",162
"225","Hospital C",2018,"Lung","66+","Female",159
"226","Hospital E",2019,"Breast","19-35","Male",82
"227","Hospital D",2023,"Breast","0-18","Other",20
"228","Hospital A",2006,"Prostate","19-35","Male",188
"229","Hospital E",2011,"Prostate","0-18","Male",78
"230","Hospital C",2006,"Prostate","66+","Female",88
"231","Hospital C",2008,"Prostate","66+","Male",165
"232","Hospital E",2023,"Breast","19-35","Male",124
"233","Hospital E",2006,"Colorectal","0-18","Female",95
"234","Hospital B",2014,"Lung","66+","Other",181
"235","Hospital A",2013,"Lung","0-18","Male",166
"236","Hospital B",2013,"Breast","66+","Female",32
"237","Hospital D",2014,"Breast","36-50","Female",52
"238","Hospital D",2017,"Breast","0-18","Male",17
"239","Hospital B",2023,"Breast","36-50","Other",37
"240","Hospital B",2012,"Colorectal","19-35","Male",89
"241","Hospital D",2023,"Prostate","0-18","Male",157
"242","Hospital B",2007,"Lung","19-35","Female",174
"243","Hospital D",2014,"Colorectal","66+","Other",26
"244","Hospital D",2023,"Colorectal","36-50","Female",47
"245","Hospital A",2011,"Lung","0-18","Female",64
"246","Hospital C",2017,"Lung","51-65","Female",168
"247","Hospital E",2017,"Colorectal","0-18","Male",88
"248","Hospital D",2008,"Breast","0-18","Female",192
"249","Hospital B",2004,"Prostate","51-65","Other",125
"250","Hospital A",2012,"Colorectal","66+","Male",129
"251","Hospital B",2012,"Lung","0-18","Male",178
"252","Hospital E",2007,"Prostate","51-65","Female",95
"253","Hospital B",2008,"Colorectal","66+","Male",79
"254","Hospital A",2010,"Breast","19-35","Other",189
"255","Hospital A",2023,"Lung","19-35","Other",28
"256","Hospital D",2013,"Colorectal","19-35","Male",174
"257","Hospital C",2008,"Prostate","0-18","Female",181
"258","Hospital C",2021,"Prostate","36-50","Other",87
"259","Hospital B",2022,"Colorectal","36-50","Other",186
"260","Hospital E",2018,"Lung","66+","Other",2
"261","Hospital C",2009,"Breast","66+","Female",2
"262","Hospital A",2019,"Prostate","0-18","Male",174
"263","Hospital D",2017,"Prostate","51-65","Male",146
"264","Hospital E",2018,"Prostate","0-18","Other",117
"265","Hospital A",2016,"Prostate","66+","Other",11
"266","Hospital B",2013,"Breast","36-50","Male",162
"267","Hospital D",2005,"Lung","66+","Female",90
"268","Hospital E",2021,"Prostate","0-18","Female",73
"269","Hospital A",2020,"Lung","36-50","Female",53
"270","Hospital A",2009,"Prostate","51-65","Male",89
"271","Hospital A",2009,"Lung","0-18","Male",84
"272","Hospital D",2019,"Colorectal","19-35","Female",85
"273","Hospital C",2012,"Lung","19-35","Other",68
"274","Hospital D",2014,"Prostate","0-18","Female",15
"275","Hospital A",2009,"Colorectal","0-18","Male",191
"276","Hospital A",2019,"Breast","66+","Other",45
"277","Hospital D",2014,"Lung","51-65","Male",113
"278","Hospital A",2020,"Lung","66+","Other",79
"279","Hospital A",2021,"Colorectal","51-65","Female",89
"280","Hospital E",2012,"Breast","66+","Female",51
"281","Hospital C",2017,"Colorectal","66+","Other",123
"282","Hospital E",2007,"Lung","19-35","Female",153
"283","Hospital E",2007,"Colorectal","19-35","Other",158
"284","Hospital E",2019,"Lung","19-35","Other",89
"285","Hospital A",2006,"Lung","36-50","Female",193
"286","Hospital A",2006,"Colorectal","66+","Male",85
"287","Hospital A",2012,"Lung","19-35","Other",113
"288","Hospital C",2014,"Prostate","51-65","Male",37
"289","Hospital B",2005,"Colorectal","19-35","Male",126
"290","Hospital B",2008,"Breast","51-65","Other",184
"291","Hospital B",2006,"Breast","19-35","Female",148
"292","Hospital E",2018,"Breast","66+","Other",78
"293","Hospital A",2018,"Colorectal","0-18","Other",37
"294","Hospital A",2006,"Prostate","0-18","Other",37
"295","Hospital A",2017,"Lung","19-35","Male",29
"296","Hospital A",2007,"Prostate","36-50","Male",54
"297","Hospital D",2017,"Breast","0-18","Female",50
"298","Hospital D",2017,"Colorectal","36-50","Female",158
"299","Hospital C",2005,"Prostate","19-35","Other",116
"300","Hospital A",2018,"Colorectal","36-50","Other",72
"301","Hospital B",2007,"Lung","0-18","Female",84
"302","Hospital C",2021,"Breast","19-35","Other",173
"303","Hospital E",2014,"Lung","36-50","Female",118
"304","Hospital C",2008,"Lung","19-35","Female",177
"305","Hospital B",2016,"Prostate","19-35","Other",168
"306","Hospital E",2017,"Lung","66+","Male",74
"307","Hospital A",2006,"Prostate","0-18","Male",110
"308","Hospital C",2004,"Lung","66+","Other",10
"309","Hospital A",2022,"Breast","51-65","Other",134
"310","Hospital E",2016,"Colorectal","0-18","Male",31
"311","Hospital A",2011,"Colorectal","0-18","Male",187
"312","Hospital D",2018,"Colorectal","36-50","Male",107
"313","Hospital D",2021,"Breast","66+","Male",67
"314","Hospital E",2007,"Colorectal","66+","Female",123
"315","Hospital E",2021,"Prostate","0-18","Male",69
"316","Hospital A",2010,"Prostate","0-18","Female",107
"317","Hospital B",2018,"Colorectal","51-65","Male",12
"318","Hospital D",2019,"Breast","19-35","Other",42
"319","Hospital D",2017,"Prostate","66+","Other",184
"320","Hospital B",2005,"Breast","36-50","Female",181
"321","Hospital E",2013,"Prostate","51-65","Male",139
"322","Hospital D",2018,"Breast","0-18","Male",91
"323","Hospital A",2013,"Breast","36-50","Other",177
"324","Hospital C",2005,"Breast","0-18","Female",56
"325","Hospital D",2011,"Breast","36-50","Other",137
"326","Hospital B",2021,"Colorectal","19-35","Other",102
"327","Hospital A",2005,"Colorectal","0-18","Other",28
"328","Hospital B",2017,"Lung","36-50","Female",128
"329","Hospital D",2023,"Lung","19-35","Other",94
"330","Hospital B",2004,"Breast","19-35","Female",125
"331","Hospital D",2021,"Prostate","66+","Female",20
"332","Hospital C",2016,"Breast","66+","Female",89
"333","Hospital D",2018,"Prostate","36-50","Male",161
"334","Hospital E",2023,"Prostate","0-18","Male",11
"335","Hospital D",2012,"Prostate","0-18","Male",15
"336","Hospital A",2013,"Lung","19-35","Male",90
"337","Hospital C",2023,"Prostate","36-50","Male",2
"338","Hospital B",2017,"Breast","51-65","Other",85
"339","Hospital E",2013,"Breast","0-18","Other",158
"340","Hospital C",2022,"Breast","51-65","Male",6
"341","Hospital E",2018,"Prostate","36-50","Female",90
"342","Hospital B",2005,"Lung","66+","Female",162
"343","Hospital B",2017,"Breast","0-18","Female",124
"344","Hospital D",2019,"Colorectal","36-50","Female",184
"345","Hospital C",2013,"Breast","0-18","Male",118
"346","Hospital A",2010,"Breast","19-35","Male",147
"347","Hospital E",2019,"Colorectal","0-18","Other",66
"348","Hospital C",2020,"Breast","66+","Female",148
"349","Hospital E",2013,"Colorectal","36-50","Male",126
"350","Hospital A",2023,"Colorectal","0-18","Female",185
"351","Hospital C",2023,"Lung","66+","Female",123
"352","Hospital B",2014,"Prostate","0-18","Male",48
"353","Hospital A",2007,"Colorectal","51-65","Other",51
"354","Hospital D",2022,"Lung","19-35","Other",78
"355","Hospital B",2005,"Breast","0-18","Other",113
"356","Hospital C",2014,"Breast","51-65","Other",175
"357","Hospital D",2018,"Prostate","51-65","Male",184
"358","Hospital A",2005,"Lung","36-50","Female",53
"359","Hospital A",2004,"Prostate","0-18","Female",194
"360","Hospital E",2006,"Colorectal","19-35","Other",65
"361","Hospital D",2019,"Breast","51-65","Other",128
"362","Hospital C",2006,"Breast","51-65","Male",174
"363","Hospital D",2015,"Lung","19-35","Other",95
"364","Hospital E",2023,"Prostate","19-35","Female",136
"365","Hospital C",2008,"Breast","0-18","Male",157
"366","Hospital D",2005,"Lung","36-50","Other",181
"367","Hospital B",2022,"Lung","36-50","Other",7
"368","Hospital C",2009,"Colorectal","19-35","Other",34
"369","Hospital B",2006,"Prostate","36-50","Male",176
"370","Hospital E",2019,"Prostate","0-18","Other",130
"371","Hospital A",2014,"Prostate","0-18","Other",152
"372","Hospital B",2015,"Lung","51-65","Other",76
"373","Hospital C",2017,"Colorectal","66+","Male",67
"374","Hospital A",2006,"Prostate","51-65","Female",70
"375","Hospital A",2020,"Breast","19-35","Female",109
"376","Hospital B",2009,"Breast","0-18","Male",149
"377","Hospital D",2013,"Prostate","19-35","Male",196
"378","Hospital B",2017,"Colorectal","19-35","Male",27
"379","Hospital A",2013,"Colorectal","51-65","Other",119
"380","Hospital B",2013,"Prostate","19-35","Other",158
"381","Hospital A",2016,"Prostate","0-18","Other",85
"382","Hospital A",2016,"Breast","66+","Female",197
"383","Hospital B",2006,"Breast","19-35","Other",171
"384","Hospital E",2008,"Colorectal","0-18","Male",69
"385","Hospital A",2010,"Colorectal","0-18","Female",198
"386","Hospital B",2004,"Colorectal","36-50","Male",102
"387","Hospital B",2015,"Breast","0-18","Female",87
"388","Hospital E",2009,"Lung","36-50","Female",53
"389","Hospital D",2013,"Colorectal","51-65","Female",132
"390","Hospital A",2012,"Colorectal","36-50","Other",132
"391","Hospital A",2022,"Prostate","66+","Female",6
"392","Hospital E",2004,"Colorectal","0-18","Other",135
"393","Hospital B",2018,"Colorectal","19-35","Other",66
"394","Hospital C",2021,"Breast","51-65","Female",48
"395","Hospital A",2012,"Prostate","51-65","Other",190
"396","Hospital C",2022,"Colorectal","66+","Other",200
"397","Hospital A",2021,"Lung","0-18","Male",188
"398","Hospital D",2009,"Lung","51-65","Other",146
"399","Hospital C",2007,"Colorectal","0-18","Male",21
"400","Hospital A",2009,"Breast","36-50","Other",12
"401","Hospital D",2014,"Breast","0-18","Other",171
"402","Hospital B",2007,"Colorectal","66+","Other",142
"403","Hospital D",2006,"Prostate","19-35","Male",165
"404","Hospital A",2017,"Breast","51-65","Male",104
"405","Hospital E",2004,"Lung","19-35","Female",49
"406","Hospital C",2007,"Lung","36-50","Other",104
"407","Hospital B",2012,"Prostate","36-50","Other",130
"408","Hospital A",2007,"Lung","66+","Other",5
"409","Hospital E",2008,"Breast","51-65","Female",63
"410","Hospital E",2018,"Breast","0-18","Female",149
"411","Hospital E",2011,"Lung","36-50","Female",40
"412","Hospital D",2017,"Colorectal","66+","Male",71
"413","Hospital A",2004,"Colorectal","66+","Other",5
"414","Hospital D",2012,"Colorectal","19-35","Other",115
"415","Hospital C",2005,"Lung","0-18","Other",137
"416","Hospital B",2008,"Colorectal","0-18","Other",168
"417","Hospital B",2006,"Prostate","0-18","Other",191
"418","Hospital E",2021,"Breast","36-50","Other",99
"419","Hospital A",2011,"Lung","36-50","Male",139
"420","Hospital B",2010,"Lung","36-50","Female",120
"421","Hospital D",2022,"Breast","0-18","Male",53
"422","Hospital B",2007,"Breast","19-35","Other",24
"423","Hospital C",2004,"Colorectal","51-65","Female",159
"424","Hospital E",2011,"Breast","51-65","Male",183
"425","Hospital D",2023,"Prostate","19-35","Other",120
"426","Hospital B",2016,"Breast","36-50","Male",127
"427","Hospital E",2012,"Lung","66+","Other",66
"428","Hospital E",2014,"Lung","66+","Male",34
"429","Hospital B",2012,"Prostate","36-50","Female",140
"430","Hospital C",2012,"Colorectal","51-65","Female",110
"431","Hospital B",2018,"Prostate","0-18","Male",30
"432","Hospital A",2005,"Breast","19-35","Female",159
"433","Hospital D",2022,"Prostate","0-18","Other",187
"434","Hospital A",2010,"Prostate","51-65","Other",185
"435","Hospital D",2006,"Breast","51-65","Female",45
"436","Hospital C",2019,"Prostate","19-35","Female",112
"437","Hospital A",2004,"Colorectal","19-35","Other",45
"438","Hospital A",2015,"Breast","51-65","Female",52
"439","Hospital B",2011,"Lung","0-18","Other",8
"440","Hospital B",2017,"Prostate","0-18","Male",9
"441","Hospital D",2012,"Lung","36-50","Female",48
"442","Hospital D",2023,"Breast","0-18","Female",134
"443","Hospital A",2013,"Colorectal","19-35","Male",48
"444","Hospital E",2021,"Prostate","36-50","Female",180
"445","Hospital A",2014,"Prostate","51-65","Other",140
"446","Hospital A",2009,"Breast","51-65","Male",68
"447","Hospital B",2022,"Prostate","0-18","Male",36
"448","Hospital A",2009,"Lung","0-18","Male",184
"449","Hospital E",2008,"Breast","36-50","Male",39
"450","Hospital E",2007,"Prostate","0-18","Male",168
"451","Hospital D",2012,"Lung","51-65","Female",3
"452","Hospital C",2022,"Lung","66+","Male",198
"453","Hospital C",2011,"Colorectal","19-35","Female",103
"454","Hospital C",2012,"Lung","66+","Other",177
"455","Hospital B",2008,"Prostate","0-18","Male",196
"456","Hospital E",2017,"Prostate","66+","Male",6
"457","Hospital D",2008,"Breast","36-50","Male",131
"458","Hospital C",2006,"Prostate","51-65","Male",167
"459","Hospital B",2006,"Lung","19-35","Female",74
"460","Hospital D",2007,"Lung","19-35","Female",14
"461","Hospital D",2020,"Lung","19-35","Female",61
"462","Hospital C",2012,"Lung","19-35","Male",187
"463","Hospital C",2016,"Prostate","36-50","Other",182
"464","Hospital D",2013,"Prostate","19-35","Other",64
"465","Hospital A",2006,"Breast","0-18","Male",54
"466","Hospital E",2023,"Lung","19-35","Other",168
"467","Hospital D",2018,"Prostate","66+","Male",64
"468","Hospital D",2017,"Lung","0-18","Other",5
"469","Hospital C",2005,"Prostate","0-18","Other",132
"470","Hospital D",2022,"Prostate","66+","Female",67
"471","Hospital C",2004,"Colorectal","51-65","Other",69
"472","Hospital E",2004,"Breast","51-65","Female",107
"473","Hospital C",2011,"Breast","19-35","Male",172
"474","Hospital C",2008,"Breast","51-65","Other",122
"475","Hospital D",2008,"Breast","51-65","Other",180
"476","Hospital A",2016,"Colorectal","66+","Other",128
"477","Hospital B",2011,"Lung","36-50","Other",10
"478","Hospital E",2009,"Lung","51-65","Female",146
"479","Hospital A",2014,"Lung","19-35","Other",160
"480","Hospital A",2013,"Lung","51-65","Female",146
"481","Hospital B",2013,"Colorectal","51-65","Female",95
"482","Hospital C",2017,"Prostate","51-65","Male",41
"483","Hospital A",2015,"Breast","0-18","Male",49
"484","Hospital C",2020,"Lung","0-18","Male",113
"485","Hospital E",2020,"Colorectal","36-50","Female",131
"486","Hospital B",2020,"Breast","36-50","Female",141
"487","Hospital E",2017,"Lung","36-50","Female",117
"488","Hospital E",2018,"Breast","51-65","Other",168
"489","Hospital B",2008,"Prostate","36-50","Other",118
"490","Hospital C",2012,"Lung","66+","Male",114
"491","Hospital C",2020,"Colorectal","19-35","Other",174
"492","Hospital C",2014,"Breast","51-65","Other",174
"493","Hospital C",2019,"Colorectal","19-35","Other",51
"494","Hospital C",2015,"Prostate","66+","Female",200
"495","Hospital A",2011,"Breast","0-18","Female",14
"496","Hospital E",2010,"Breast","36-50","Male",118
"497","Hospital E",2007,"Prostate","66+","Female",40
"498","Hospital C",2014,"Colorectal","19-35","Female",26
"499","Hospital E",2021,"Lung","51-65","Other",138
"500","Hospital E",2021,"Lung","36-50","Other",3
"501","Hospital B",2013,"Colorectal","51-65","Female",118
"502","Hospital D",2012,"Breast","19-35","Male",7
"503","Hospital A",2020,"Colorectal","66+","Female",71
"504","Hospital A",2018,"Prostate","0-18","Female",121
"505","Hospital E",2021,"Prostate","0-18","Female",162
"506","Hospital D",2014,"Colorectal","0-18","Other",163
"507","Hospital B",2020,"Colorectal","36-50","Other",191
"508","Hospital C",2006,"Prostate","51-65","Female",4
"509","Hospital D",2004,"Colorectal","36-50","Other",14
"510","Hospital B",2007,"Prostate","0-18","Female",104
"511","Hospital E",2012,"Prostate","0-18","Female",198
"512","Hospital E",2017,"Prostate","19-35","Other",128
"513","Hospital A",2015,"Breast","51-65","Female",146
"514","Hospital E",2022,"Breast","36-50","Female",124
"515","Hospital B",2018,"Colorectal","51-65","Male",200
"516","Hospital A",2019,"Prostate","0-18","Female",125
"517","Hospital B",2010,"Lung","0-18","Other",33
"518","Hospital D",2023,"Prostate","36-50","Male",152
"519","Hospital A",2015,"Prostate","36-50","Male",81
"520","Hospital A",2021,"Lung","0-18","Male",19
"521","Hospital B",2016,"Lung","51-65","Male",9
"522","Hospital B",2020,"Lung","36-50","Female",9
"523","Hospital C",2018,"Lung","36-50","Female",79
"524","Hospital A",2021,"Lung","0-18","Other",70
"525","Hospital C",2018,"Breast","66+","Other",162
"526","Hospital D",2014,"Lung","66+","Female",92
"527","Hospital E",2004,"Colorectal","66+","Other",88
"528","Hospital C",2017,"Breast","66+","Other",28
"529","Hospital B",2022,"Breast","51-65","Female",129
"530","Hospital B",2009,"Breast","0-18","Male",166
"531","Hospital C",2018,"Breast","51-65","Female",145
"532","Hospital E",2015,"Colorectal","66+","Male",80
"533","Hospital C",2008,"Breast","66+","Other",41
"534","Hospital B",2016,"Prostate","66+","Female",177
"535","Hospital D",2015,"Colorectal","66+","Female",180
"536","Hospital D",2017,"Prostate","19-35","Male",63
"537","Hospital A",2018,"Prostate","36-50","Female",167
"538","Hospital E",2020,"Colorectal","51-65","Other",1
"539","Hospital E",2016,"Lung","66+","Male",188
"540","Hospital A",2012,"Lung","51-65","Male",173
"541","Hospital C",2021,"Breast","36-50","Male",189
"542","Hospital D",2006,"Colorectal","0-18","Other",6
"543","Hospital D",2023,"Colorectal","0-18","Other",47
"544","Hospital D",2007,"Prostate","51-65","Female",173
"545","Hospital E",2019,"Prostate","0-18","Female",116
"546","Hospital B",2013,"Lung","36-50","Other",26
"547","Hospital E",2016,"Colorectal","36-50","Male",21
"548","Hospital C",2022,"Prostate","36-50","Female",149
"549","Hospital E",2011,"Lung","51-65","Female",61
"550","Hospital A",2006,"Lung","51-65","Male",117
"551","Hospital D",2011,"Lung","51-65","Male",161
"552","Hospital A",2023,"Prostate","19-35","Male",101
"553","Hospital B",2010,"Prostate","51-65","Other",26
"554","Hospital D",2011,"Colorectal","66+","Female",36
"555","Hospital A",2004,"Breast","51-65","Male",138
"556","Hospital C",2023,"Colorectal","19-35","Female",188
"557","Hospital C",2023,"Lung","51-65","Female",63
"558","Hospital C",2005,"Lung","66+","Male",68
"559","Hospital A",2012,"Prostate","66+","Other",52
"560","Hospital E",2022,"Breast","36-50","Male",159
"561","Hospital B",2017,"Lung","66+","Male",199
"562","Hospital C",2013,"Breast","19-35","Female",10
"563","Hospital E",2018,"Colorectal","19-35","Other",130
"564","Hospital A",2011,"Breast","66+","Male",43
"565","Hospital D",2011,"Breast","36-50","Other",195
"566","Hospital D",2014,"Colorectal","0-18","Female",115
"567","Hospital C",2012,"Lung","0-18","Other",2
"568","Hospital B",2017,"Prostate","19-35","Male",51
"569","Hospital C",2015,"Prostate","51-65","Other",137
"570","Hospital A",2007,"Lung","19-35","Other",196
"571","Hospital B",2005,"Breast","0-18","Female",180
"572","Hospital C",2023,"Colorectal","19-35","Male",81
"573","Hospital B",2023,"Prostate","66+","Male",86
"574","Hospital C",2023,"Breast","19-35","Male",60
"575","Hospital C",2008,"Breast","66+","Female",41
"576","Hospital E",2009,"Breast","51-65","Female",13
"577","Hospital A",2023,"Colorectal","36-50","Male",8
"578","Hospital B",2010,"Lung","36-50","Female",25
"579","Hospital A",2006,"Colorectal","51-65","Other",146
"580","Hospital C",2023,"Lung","51-65","Male",33
"581","Hospital C",2006,"Prostate","0-18","Other",91
"582","Hospital C",2018,"Breast","66+","Female",98
"583","Hospital B",2009,"Colorectal","51-65","Male",128
"584","Hospital A",2015,"Lung","0-18","Other",110
"585","Hospital B",2015,"Colorectal","0-18","Male",75
"586","Hospital E",2013,"Prostate","51-65","Male",66
"587","Hospital D",2022,"Prostate","51-65","Female",18
"588","Hospital E",2019,"Breast","51-65","Female",156
"589","Hospital A",2020,"Colorectal","66+","Male",189
"590","Hospital C",2012,"Prostate","36-50","Male",139
"591","Hospital D",2018,"Prostate","51-65","Other",40
"592","Hospital D",2020,"Lung","19-35","Other",186
"593","Hospital E",2006,"Colorectal","36-50","Female",155
"594","Hospital B",2006,"Colorectal","51-65","Female",162
"595","Hospital C",2007,"Prostate","36-50","Other",194
"596","Hospital C",2023,"Breast","19-35","Female",170
"597","Hospital D",2018,"Colorectal","66+","Female",26
"598","Hospital B",2015,"Breast","66+","Female",119
"599","Hospital B",2018,"Colorectal","36-50","Male",126
"600","Hospital D",2019,"Breast","51-65","Other",145
"601","Hospital B",2013,"Colorectal","0-18","Female",6
"602","Hospital D",2021,"Colorectal","66+","Male",56
"603","Hospital D",2005,"Breast","0-18","Other",171
"604","Hospital E",2015,"Lung","0-18","Female",171
"605","Hospital B",2012,"Colorectal","0-18","Other",116
"606","Hospital B",2004,"Breast","36-50","Other",66
"607","Hospital C",2004,"Colorectal","66+","Other",188
"608","Hospital B",2008,"Breast","36-50","Male",89
"609","Hospital D",2004,"Breast","36-50","Other",149
"610","Hospital E",2009,"Breast","19-35","Other",127
"611","Hospital B",2023,"Colorectal","51-65","Female",64
"612","Hospital A",2015,"Prostate","0-18","Female",5
"613","Hospital A",2014,"Prostate","0-18","Male",10
"614","Hospital D",2017,"Prostate","19-35","Other",126
"615","Hospital C",2012,"Breast","51-65","Female",12
"616","Hospital D",2023,"Lung","0-18","Other",32
"617","Hospital B",2009,"Breast","51-65","Other",68
"618","Hospital D",2006,"Lung","51-65","Other",90
"619","Hospital C",2021,"Colorectal","36-50","Male",10
"620","Hospital D",2010,"Prostate","51-65","Female",29
"621","Hospital A",2011,"Colorectal","36-50","Female",197
"622","Hospital A",2013,"Lung","0-18","Other",196
"623","Hospital D",2013,"Colorectal","51-65","Other",177
"624","Hospital C",2016,"Prostate","66+","Male",98
"625","Hospital B",2018,"Colorectal","66+","Other",120
"626","Hospital A",2012,"Breast","0-18","Male",46
"627","Hospital E",2005,"Colorectal","51-65","Female",78
"628","Hospital B",2016,"Prostate","19-35","Other",190
"629","Hospital E",2020,"Lung","66+","Male",118
"630","Hospital D",2013,"Lung","66+","Other",51
"631","Hospital B",2016,"Colorectal","0-18","Female",115
"632","Hospital D",2021,"Breast","66+","Female",119
"633","Hospital A",2022,"Prostate","51-65","Male",123
"634","Hospital B",2004,"Lung","0-18","Male",148
"635","Hospital D",2013,"Breast","0-18","Male",129
"636","Hospital C",2004,"Colorectal","19-35","Other",187
"637","Hospital D",2007,"Prostate","36-50","Male",185
"638","Hospital D",2023,"Lung","0-18","Female",35
"639","Hospital D",2008,"Colorectal","0-18","Male",9
"640","Hospital E",2013,"Prostate","51-65","Other",137
"641","Hospital C",2015,"Lung","36-50","Male",186
"642","Hospital A",2015,"Breast","0-18","Male",199
"643","Hospital D",2017,"Breast","51-65","Other",160
"644","Hospital C",2013,"Lung","19-35","Female",185
"645","Hospital C",2022,"Breast","66+","Other",23
"646","Hospital E",2021,"Breast","36-50","Female",150
"647","Hospital D",2014,"Prostate","51-65","Female",156
"648","Hospital C",2012,"Lung","51-65","Other",137
"649","Hospital B",2023,"Colorectal","66+","Other",55
"650","Hospital A",2022,"Colorectal","19-35","Other",23
"651","Hospital A",2008,"Lung","0-18","Other",119
"652","Hospital A",2015,"Breast","36-50","Female",8
"653","Hospital A",2019,"Lung","66+","Male",92
"654","Hospital E",2023,"Colorectal","66+","Other",109
"655","Hospital E",2006,"Lung","36-50","Female",178
"656","Hospital C",2022,"Breast","51-65","Female",101
"657","Hospital B",2007,"Prostate","36-50","Other",163
"658","Hospital B",2020,"Prostate","36-50","Other",24
"659","Hospital D",2018,"Colorectal","51-65","Other",127
"660","Hospital B",2015,"Prostate","0-18","Male",158
"661","Hospital C",2021,"Lung","19-35","Male",168
"662","Hospital E",2019,"Breast","66+","Male",194
"663","Hospital C",2017,"Colorectal","0-18","Other",78
"664","Hospital A",2018,"Breast","51-65","Other",76
"665","Hospital C",2011,"Breast","19-35","Other",174
"666","Hospital D",2006,"Colorectal","0-18","Male",67
"667","Hospital C",2013,"Breast","66+","Other",168
"668","Hospital B",2022,"Breast","66+","Other",189
"669","Hospital A",2011,"Lung","51-65","Other",49
"670","Hospital B",2021,"Prostate","66+","Male",183
"671","Hospital A",2019,"Colorectal","66+","Female",131
"672","Hospital E",2007,"Breast","0-18","Other",117
"673","Hospital B",2008,"Breast","0-18","Male",185
"674","Hospital B",2017,"Lung","51-65","Male",142
"675","Hospital B",2017,"Colorectal","19-35","Other",147
"676","Hospital C",2020,"Breast","0-18","Female",66
"677","Hospital C",2013,"Lung","51-65","Male",62
"678","Hospital A",2019,"Prostate","51-65","Male",172
"679","Hospital A",2018,"Lung","51-65","Female",111
"680","Hospital B",2014,"Colorectal","19-35","Male",178
"681","Hospital D",2018,"Breast","51-65","Male",79
"682","Hospital D",2007,"Colorectal","51-65","Female",118
"683","Hospital C",2023,"Prostate","66+","Female",75
"684","Hospital C",2021,"Prostate","19-35","Male",122
"685","Hospital D",2011,"Lung","19-35","Other",92
"686","Hospital A",2007,"Colorectal","66+","Male",57
"687","Hospital B",2006,"Colorectal","51-65","Male",35
"688","Hospital C",2021,"Lung","36-50","Male",185
"689","Hospital E",2017,"Colorectal","66+","Other",78
"690","Hospital B",2020,"Lung","19-35","Other",90
"691","Hospital D",2005,"Lung","0-18","Female",187
"692","Hospital E",2021,"Prostate","0-18","Female",73
"693","Hospital D",2004,"Colorectal","51-65","Other",106
"694","Hospital A",2018,"Prostate","19-35","Other",19
"695","Hospital B",2023,"Prostate","51-65","Female",88
"696","Hospital C",2020,"Prostate","51-65","Female",141
"697","Hospital E",2021,"Lung","66+","Other",64
"698","Hospital E",2019,"Lung","66+","Other",48
"699","Hospital B",2007,"Colorectal","51-65","Male",196
"700","Hospital B",2015,"Prostate","0-18","Male",7
"701","Hospital B",2021,"Breast","51-65","Other",161
"702","Hospital A",2007,"Prostate","36-50","Female",164
"703","Hospital D",2018,"Lung","0-18","Male",90
"704","Hospital B",2018,"Breast","19-35","Male",108
"705","Hospital A",2011,"Colorectal","19-35","Male",157
"706","Hospital E",2018,"Prostate","66+","Other",152
"707","Hospital B",2014,"Lung","66+","Female",118
"708","Hospital B",2008,"Colorectal","51-65","Other",155
"709","Hospital E",2005,"Lung","51-65","Other",81
"710","Hospital C",2009,"Colorectal","19-35","Male",24
"711","Hospital C",2015,"Prostate","36-50","Other",85
"712","Hospital C",2014,"Lung","0-18","Male",138
"713","Hospital E",2023,"Prostate","0-18","Female",122
"714","Hospital C",2012,"Lung","0-18","Other",24
"715","Hospital B",2020,"Lung","19-35","Female",106
"716","Hospital C",2005,"Breast","19-35","Other",90
"717","Hospital C",2011,"Breast","66+","Other",97
"718","Hospital C",2014,"Lung","66+","Female",175
"719","Hospital A",2019,"Colorectal","0-18","Other",76
"720","Hospital B",2018,"Prostate","36-50","Male",176
"721","Hospital A",2021,"Breast","36-50","Male",86
"722","Hospital C",2004,"Lung","51-65","Other",88
"723","Hospital D",2007,"Colorectal","0-18","Female",117
"724","Hospital C",2018,"Lung","19-35","Female",151
"725","Hospital B",2011,"Prostate","36-50","Male",156
"726","Hospital C",2017,"Prostate","19-35","Male",4
"727","Hospital D",2012,"Colorectal","0-18","Male",59
"728","Hospital B",2011,"Breast","66+","Male",23
"729","Hospital C",2011,"Prostate","66+","Female",33
"730","Hospital A",2007,"Breast","66+","Male",56
"731","Hospital E",2019,"Colorectal","36-50","Male",19
"732","Hospital A",2008,"Lung","36-50","Male",116
"733","Hospital A",2012,"Breast","19-35","Male",184
"734","Hospital E",2009,"Breast","0-18","Female",118
"735","Hospital B",2006,"Colorectal","36-50","Male",165
"736","Hospital D",2007,"Lung","51-65","Male",168
"737","Hospital D",2005,"Colorectal","36-50","Male",119
"738","Hospital A",2014,"Breast","0-18","Male",161
"739","Hospital D",2014,"Colorectal","66+","Female",68
"740","Hospital D",2008,"Breast","0-18","Male",89
"741","Hospital C",2009,"Prostate","51-65","Female",24
"742","Hospital E",2006,"Colorectal","51-65","Female",159
"743","Hospital A",2020,"Breast","66+","Other",120
"744","Hospital E",2018,"Lung","0-18","Other",165
"745","Hospital A",2018,"Lung","19-35","Male",32
"746","Hospital D",2020,"Lung","19-35","Other",64
"747","Hospital C",2019,"Breast","36-50","Male",25
"748","Hospital A",2017,"Lung","19-35","Other",95
"749","Hospital E",2022,"Breast","19-35","Other",105
"750","Hospital E",2004,"Colorectal","51-65","Other",157
"751","Hospital B",2016,"Breast","36-50","Other",186
"752","Hospital E",2021,"Prostate","36-50","Female",90
"753","Hospital B",2013,"Breast","36-50","Male",5
"754","Hospital C",2023,"Colorectal","0-18","Female",7
"755","Hospital D",2008,"Lung","66+","Male",78
"756","Hospital E",2021,"Prostate","0-18","Female",117
"757","Hospital B",2005,"Prostate","36-50","Other",155
"758","Hospital A",2008,"Prostate","36-50","Female",95
"759","Hospital D",2011,"Breast","0-18","Other",12
"760","Hospital E",2011,"Breast","0-18","Male",129
"761","Hospital D",2014,"Prostate","36-50","Female",52
"762","Hospital E",2019,"Lung","36-50","Male",188
"763","Hospital A",2009,"Lung","19-35","Female",59
"764","Hospital A",2022,"Prostate","51-65","Male",14
"765","Hospital D",2009,"Prostate","36-50","Female",88
"766","Hospital D",2005,"Prostate","66+","Male",7
"767","Hospital A",2020,"Breast","36-50","Female",62
"768","Hospital A",2021,"Breast","19-35","Other",186
"769","Hospital C",2010,"Breast","0-18","Female",50
"770","Hospital D",2005,"Lung","51-65","Other",9
"771","Hospital D",2011,"Breast","66+","Other",80
"772","Hospital B",2009,"Lung","19-35","Other",28
"773","Hospital B",2006,"Prostate","36-50","Female",190
"774","Hospital E",2011,"Lung","66+","Other",199
"775","Hospital B",2006,"Breast","51-65","Male",66
"776","Hospital E",2015,"Breast","0-18","Female",20
"777","Hospital A",2011,"Breast","36-50","Other",123
"778","Hospital B",2013,"Breast","66+","Female",139
"779","Hospital C",2012,"Breast","66+","Female",25
"780","Hospital C",2012,"Colorectal","36-50","Female",81
"781","Hospital D",2007,"Colorectal","66+","Other",124
"782","Hospital D",2010,"Prostate","19-35","Male",72
"783","Hospital D",2008,"Prostate","19-35","Other",144
"784","Hospital E",2015,"Lung","66+","Female",159
"785","Hospital E",2020,"Prostate","0-18","Female",107
"786","Hospital B",2016,"Colorectal","36-50","Female",124
"787","Hospital B",2014,"Prostate","66+","Other",2
"788","Hospital B",2009,"Colorectal","0-18","Male",195
"789","Hospital C",2018,"Breast","36-50","Male",106
"790","Hospital A",2019,"Lung","36-50","Male",178
"791","Hospital C",2015,"Breast","19-35","Male",180
"792","Hospital E",2013,"Colorectal","0-18","Female",65
"793","Hospital B",2012,"Prostate","51-65","Other",152
"794","Hospital A",2015,"Lung","0-18","Male",87
"795","Hospital D",2004,"Breast","36-50","Female",145
"796","Hospital C",2023,"Lung","36-50","Other",155
"797","Hospital E",2019,"Colorectal","0-18","Other",8
"798","Hospital C",2012,"Lung","0-18","Male",198
"799","Hospital E",2018,"Colorectal","51-65","Other",118
"800","Hospital C",2017,"Lung","0-18","Female",99
"801","Hospital E",2011,"Colorectal","36-50","Other",126
"802","Hospital C",2008,"Lung","66+","Male",113
"803","Hospital E",2008,"Lung","36-50","Female",58
"804","Hospital A",2018,"Breast","0-18","Female",27
"805","Hospital B",2004,"Colorectal","0-18","Other",88
"806","Hospital A",2019,"Colorectal","66+","Female",54
"807","Hospital B",2010,"Breast","0-18","Female",3
"808","Hospital E",2021,"Prostate","0-18","Female",194
"809","Hospital E",2014,"Prostate","19-35","Female",174
"810","Hospital C",2022,"Lung","51-65","Female",12
"811","Hospital A",2017,"Prostate","36-50","Female",137
"812","Hospital D",2020,"Colorectal","36-50","Male",149
"813","Hospital E",2023,"Colorectal","66+","Male",140
"814","Hospital C",2014,"Colorectal","36-50","Female",111
"815","Hospital A",2007,"Colorectal","19-35","Male",137
"816","Hospital C",2007,"Breast","51-65","Female",33
"817","Hospital C",2016,"Prostate","66+","Female",156
"818","Hospital D",2004,"Prostate","19-35","Female",185
"819","Hospital C",2018,"Lung","51-65","Male",54
"820","Hospital B",2009,"Breast","36-50","Male",88
"821","Hospital A",2008,"Prostate","66+","Other",53
"822","Hospital A",2014,"Colorectal","66+","Other",134
"823","Hospital C",2023,"Colorectal","36-50","Other",105
"824","Hospital D",2018,"Breast","66+","Other",57
"825","Hospital A",2016,"Prostate","36-50","Male",34
"826","Hospital E",2012,"Prostate","51-65","Female",39
"827","Hospital C",2021,"Lung","0-18","Female",140
"828","Hospital B",2008,"Breast","51-65","Male",114
"829","Hospital E",2013,"Lung","0-18","Female",175
"830","Hospital D",2005,"Colorectal","66+","Female",184
"831","Hospital B",2017,"Breast","19-35","Male",116
"832","Hospital C",2011,"Breast","0-18","Female",12
"833","Hospital C",2006,"Breast","51-65","Male",18
"834","Hospital B",2007,"Prostate","19-35","Female",136
"835","Hospital B",2005,"Prostate","36-50","Other",160
"836","Hospital E",2006,"Lung","0-18","Other",71
"837","Hospital A",2008,"Prostate","0-18","Female",81
"838","Hospital C",2013,"Prostate","0-18","Other",88
"839","Hospital C",2010,"Prostate","66+","Female",135
"840","Hospital A",2020,"Prostate","36-50","Female",29
"841","Hospital E",2022,"Lung","36-50","Male",7
"842","Hospital B",2006,"Breast","66+","Other",32
"843","Hospital C",2016,"Colorectal","0-18","Other",159
"844","Hospital B",2007,"Breast","66+","Other",100
"845","Hospital C",2010,"Breast","66+","Male",104
"846","Hospital D",2016,"Breast","0-18","Male",98
"847","Hospital B",2017,"Prostate","0-18","Other",157
"848","Hospital E",2017,"Prostate","66+","Male",157
"849","Hospital E",2021,"Lung","51-65","Female",9
"850","Hospital A",2020,"Breast","51-65","Other",80
"851","Hospital E",2019,"Prostate","36-50","Other",63
"852","Hospital D",2016,"Lung","36-50","Other",185
"853","Hospital D",2019,"Breast","66+","Female",39
"854","Hospital E",2015,"Lung","0-18","Other",160
"855","Hospital D",2020,"Lung","36-50","Other",159
"856","Hospital A",2008,"Colorectal","36-50","Other",141
"857","Hospital C",2015,"Colorectal","19-35","Other",118
"858","Hospital D",2013,"Breast","0-18","Female",137
"859","Hospital A",2006,"Prostate","51-65","Male",127
"860","Hospital D",2012,"Lung","0-18","Male",178
"861","Hospital C",2022,"Prostate","36-50","Other",80
"862","Hospital D",2017,"Breast","19-35","Female",142
"863","Hospital A",2013,"Prostate","19-35","Female",177
"864","Hospital B",2014,"Prostate","19-35","Male",199
"865","Hospital A",2012,"Breast","36-50","Other",144
"866","Hospital B",2017,"Breast","0-18","Male",116
"867","Hospital B",2017,"Breast","19-35","Female",88
"868","Hospital B",2012,"Lung","36-50","Male",180
"869","Hospital B",2021,"Breast","19-35","Female",86
"870","Hospital D",2008,"Colorectal","36-50","Other",161
"871","Hospital B",2017,"Prostate","66+","Female",74
"872","Hospital E",2022,"Prostate","0-18","Other",174
"873","Hospital E",2023,"Colorectal","36-50","Other",130
"874","Hospital A",2014,"Breast","51-65","Female",189
"875","Hospital E",2008,"Lung","0-18","Female",154
"876","Hospital D",2013,"Prostate","36-50","Other",170
"877","Hospital E",2022,"Lung","66+","Male",40
"878","Hospital A",2009,"Prostate","36-50","Male",79
"879","Hospital C",2017,"Colorectal","51-65","Female",80
"880","Hospital A",2017,"Lung","36-50","Female",173
"881","Hospital A",2011,"Lung","51-65","Male",90
"882","Hospital E",2018,"Lung","0-18","Other",96
"883","Hospital E",2020,"Lung","51-65","Male",55
"884","Hospital B",2011,"Colorectal","66+","Male",6
"885","Hospital E",2023,"Breast","66+","Male",173
"886","Hospital C",2013,"Lung","51-65","Female",91
"887","Hospital C",2020,"Colorectal","66+","Male",39
"888","Hospital C",2011,"Prostate","66+","Female",138
"889","Hospital D",2015,"Lung","19-35","Other",143
"890","Hospital C",2010,"Colorectal","66+","Other",21
"891","Hospital C",2008,"Breast","19-35","Male",120
"892","Hospital D",2015,"Prostate","51-65","Male",197
"893","Hospital A",2013,"Breast","51-65","Male",165
"894","Hospital E",2004,"Prostate","0-18","Other",39
"895","Hospital D",2004,"Breast","36-50","Male",113
"896","Hospital E",2022,"Lung","66+","Male",72
"897","Hospital D",2016,"Breast","51-65","Other",142
"898","Hospital D",2011,"Colorectal","36-50","Female",98
"899","Hospital A",2011,"Lung","66+","Female",77
"900","Hospital A",2008,"Prostate","36-50","Male",200
"901","Hospital D",2020,"Lung","51-65","Male",181
"902","Hospital C",2022,"Lung","66+","Female",163
"903","Hospital D",2018,"Prostate","66+","Female",158
"904","Hospital B",2022,"Prostate","36-50","Female",113
"905","Hospital C",2019,"Prostate","19-35","Other",172
"906","Hospital B",2008,"Lung","0-18","Female",195
"907","Hospital E",2007,"Lung","19-35","Female",37
"908","Hospital A",2020,"Breast","51-65","Other",186
"909","Hospital C",2006,"Lung","66+","Other",111
"910","Hospital A",2018,"Breast","51-65","Male",42
"911","Hospital C",2012,"Prostate","66+","Female",185
"912","Hospital D",2004,"Breast","51-65","Female",27
"913","Hospital C",2016,"Colorectal","51-65","Female",116
"914","Hospital B",2007,"Breast","19-35","Female",83
"915","Hospital D",2018,"Breast","36-50","Male",172
"916","Hospital B",2016,"Breast","19-35","Male",77
"917","Hospital D",2017,"Prostate","0-18","Female",23
"918","Hospital A",2023,"Colorectal","66+","Other",197
"919","Hospital D",2020,"Prostate","66+","Female",150
"920","Hospital C",2023,"Colorectal","51-65","Male",109
"921","Hospital E",2017,"Lung","0-18","Male",178
"922","Hospital B",2017,"Lung","19-35","Female",132
"923","Hospital B",2009,"Prostate","66+","Male",67
"924","Hospital D",2015,"Breast","36-50","Female",52
"925","Hospital D",2015,"Prostate","19-35","Female",35
"926","Hospital B",2009,"Breast","0-18","Other",95
"927","Hospital E",2007,"Breast","66+","Male",30
"928","Hospital D",2008,"Lung","0-18","Other",63
"929","Hospital A",2014,"Prostate","36-50","Male",29
"930","Hospital E",2018,"Colorectal","36-50","Female",48
"931","Hospital E",2017,"Colorectal","19-35","Other",29
"932","Hospital D",2015,"Breast","19-35","Male",165
"933","Hospital D",2019,"Breast","36-50","Male",103
"934","Hospital D",2004,"Breast","0-18","Male",133
"935","Hospital D",2017,"Prostate","19-35","Female",87
"936","Hospital B",2008,"Prostate","51-65","Male",146
"937","Hospital C",2012,"Prostate","51-65","Female",165
"938","Hospital A",2020,"Prostate","66+","Male",180
"939","Hospital C",2021,"Colorectal","36-50","Other",179
"940","Hospital D",2013,"Breast","0-18","Male",194
"941","Hospital D",2010,"Breast","36-50","Female",52
"942","Hospital E",2020,"Lung","19-35","Other",74
"943","Hospital B",2009,"Prostate","36-50","Other",142
"944","Hospital C",2007,"Colorectal","0-18","Male",200
"945","Hospital B",2008,"Colorectal","66+","Male",70
"946","Hospital B",2019,"Lung","66+","Female",9
"947","Hospital C",2006,"Breast","66+","Female",158
"948","Hospital B",2008,"Colorectal","51-65","Female",86
"949","Hospital B",2006,"Lung","0-18","Other",127
"950","Hospital C",2005,"Lung","0-18","Male",59
"951","Hospital C",2010,"Lung","36-50","Female",13
"952","Hospital D",2012,"Colorectal","19-35","Female",193
"953","Hospital A",2019,"Colorectal","66+","Other",137
"954","Hospital A",2019,"Lung","0-18","Other",3
"955","Hospital E",2018,"Colorectal","66+","Male",55
"956","Hospital A",2023,"Breast","66+","Other",121
"957","Hospital A",2016,"Colorectal","66+","Male",140
"958","Hospital C",2013,"Prostate","0-18","Male",132
"959","Hospital B",2011,"Lung","36-50","Female",99
"960","Hospital C",2021,"Lung","0-18","Other",136
"961","Hospital C",2018,"Prostate","66+","Female",108
"962","Hospital C",2008,"Prostate","66+","Female",8
"963","Hospital D",2007,"Prostate","51-65","Male",79
"964","Hospital C",2023,"Colorectal","19-35","Male",23
"965","Hospital E",2013,"Lung","51-65","Male",54
"966","Hospital D",2007,"Lung","19-35","Other",154
"967","Hospital E",2015,"Prostate","36-50","Female",153
"968","Hospital E",2010,"Breast","36-50","Other",132
"969","Hospital E",2009,"Prostate","36-50","Other",65
"970","Hospital B",2023,"Breast","66+","Female",38
"971","Hospital B",2011,"Colorectal","0-18","Female",83
"972","Hospital A",2005,"Breast","66+","Other",15
"973","Hospital C",2022,"Prostate","19-35","Female",19
"974","Hospital B",2012,"Colorectal","36-50","Female",2
"975","Hospital C",2010,"Colorectal","0-18","Male",133
"976","Hospital E",2013,"Lung","36-50","Other",33
"977","Hospital B",2019,"Colorectal","36-50","Female",107
"978","Hospital D",2023,"Lung","51-65","Female",141
"979","Hospital D",2012,"Breast","36-50","Female",200
"980","Hospital B",2014,"Lung","36-50","Female",109
"981","Hospital E",2018,"Breast","0-18","Male",27
"982","Hospital D",2011,"Lung","51-65","Female",69
"983","Hospital D",2013,"Prostate","36-50","Other",83
"984","Hospital E",2023,"Breast","66+","Male",173
"985","Hospital B",2023,"Breast","19-35","Other",120
"986","Hospital C",2018,"Colorectal","66+","Other",111
"987","Hospital B",2014,"Colorectal","51-65","Other",56
"988","Hospital A",2005,"Breast","36-50","Male",3
"989","Hospital A",2017,"Colorectal","66+","Other",85
"990","Hospital E",2009,"Breast","66+","Other",56
"991","Hospital B",2017,"Prostate","36-50","Other",41
"992","Hospital C",2014,"Prostate","51-65","Male",95
"993","Hospital C",2015,"Lung","36-50","Male",138
"994","Hospital E",2007,"Lung","36-50","Female",12
"995","Hospital B",2015,"Prostate","51-65","Female",176
"996","Hospital E",2011,"Lung","19-35","Other",135
"997","Hospital B",2012,"Breast","51-65","Male",136
"998","Hospital E",2008,"Lung","0-18","Other",133
"999","Hospital D",2011,"Breast","0-18","Male",30
"1000","Hospital D",2018,"Prostate","66+","Other",89
